skill	value
underwater basket weaving	185672.328
java	63461.328
python	69471.4760633
soccer player	62471.4760633
c++	60128.8511854
professional truck honker	10128.8511854
