skill	value
java	63461.328
python	62471.4760633
c++	60128.8511854
